"Linked account","352506242819","628412515026","567423616371","340077773684","968032760053","002637409966","304016915943","424503791295","899249751508","075790327284","898496923608","445736908015","272415727726","211125458732","564188254156","359716425895","381491835802","705108899578","746682193773","337891198417","811134095225","901553615594","755560366148","423969094700","003079193758","479671683529","469795226344","761904723706","210577074618","211125515568","929265682896","182401677120","753168370952","752518464574","546818093346","419830208690","233815244996","975049957371","758230397644","647564693872","522974168642","161115069565","028914776520","251917288737","252197745876","576293063887","072401294672","474140895141","021891570382","407648374860","495419344110","239103975135","789596305652","340677782776","885068115609","984308723723","480732456233","090436275138","337158390682","663804405009","318633126153","698979518480","952840895893","339712810712","442447453008","685585466397","339712759199","068930846606","997924011427","066636274316","562921704166","064619502227","615069360012","848332057417","736384229724","097001033170","722152247093","718893572916","471112958605","127247839315","664526282133","821240137883","914516902729","611670160261","054736913503","131752971524","625612021127","066548792077","439726107081","368920154232","541095382258","824873459626","135329050410","494799526181","465354398947","272968093320","130653941854","153518195166","492902601864","510772292268","481935107677","841860372390","290310562512","630307967658","389881277731","700271710604","017820698743","505767364771","745098155683","239666495852","116631508635","518207312579","658447621694","218943325897","548411824430","471112938013","654654315008","161282784430","576911611801","661338130494","320811487590","538615689396","367464822874","975049937880","798411736697","608146213544","954976288980","737499001343","453914767997","023903256547","769263341944","475919677060","264522784930","797142548187","176839215860","269350686318","576218818919","678670235450","605458724602","239937555916","463470958933","860971823470","907058949943","322263815270","185774682289","470060591194","532041146482","850995531967","913203018054","905418240150","880170353725",""
"Linked account name","payments-platform_prod_ocl ($)","Datalake AWS ($)","parent account_ocl ($)","Paytm Financial Services ($)","Fraud AWS ($)","user-management-prod ($)","payments-data-rtdd_prod_ocl ($)","merchant-payments-api_prod_ocl ($)","PayTm DaaS ML ($)","cdp_growth marketing_ocl ($)","games_pfg ($)","recharge bill payments_ocl ($)","Paytm Ads ($)","tpap-prod ($)","Lending DataScience ($)","Travel Aws ($)","uth-prod ($)","daas-managed-services ($)","cds ($)","digital_cst ($)","AWS DaaS ($)","merchantdashboards ($)","SAP-HANA ($)","pai_push_ocl ($)","IOT Prod ($)","cdp risk_ocl ($)","billing account_ocl ($)","kyb ($)","recon_prod_ocl ($)","risk-ocl-tpap ($)","payment-non-prod ($)","onboardingengine ($)","hawkeye_ocl ($)","User Preferences System ($)","verifierAWS ($)","AaaS-prod ($)","payment-platform_nonprod_ocl ($)","tpap-dwh ($)","Mall Bangalore ($)","aml-prod ($)","paytmchat_ocl ($)","infosec-soc ($)","edc_prod_ocl ($)","IT Production ($)","AWS InfoSec ($)","digital_insurance ($)","Oauth AWS ($)","Enterprise SMS ($)","risk-lending ($)","IT_BACKUP ($)","incentive ($)","QR ($)","regular_mf ($)","aoa-prod ($)","pai-sre ($)","commonsaas_ocl ($)","dms-prod_ocl ($)","Digital Channels ($)","dap_ocl ($)","663804405009 - Redacted ($)","AWS SMS ($)","central_pipeline_ocl ($)","User Management ($)","tpap-nonprod ($)","Digital Gold ($)","recon_nonprod_ocl ($)","feature-store-ocl ($)","emi-prod_ocl ($)","ckyc ($)","webnmweb_ocl ($)","paytm-ups ($)","CentralToolsPlatform ($)","merchant-ra-automation ($)","mloyal_prod ($)","cloudsecurity-logs ($)","smartretail_ocl ($)","paytm_app_ocl ($)","AaaS-nonprod ($)","lending-dwh ($)","Sysops AWS ($)","Paytm Labs ($)","edc_non prod_ocl ($)","finance_support_ocl ($)","emi-nonprod ($)","scp-mgv ($)","tocom-aws ($)","aoa-nonprod ($)","IOT Core ($)","risk-verifier-nonprod ($)","central_app_tech_ocl ($)","Card Tokenization ($)","miniapps_ocl ($)","CityBus ($)","AWS_Paytm'Mloyal ($)","aml-nonprod ($)","legalapps ($)","insurance-ds ($)","cdo-non-prod ($)","ncmc_acquirer_ocl ($)","cdo-dre ($)","DaaS-Apps ($)","fastag issuer_prod_ocl ($)","290310562512 - Redacted ($)","dms-nonprod_ocl ($)","merchant-business ($)","labs-llm ($)","risk-devops-tools ($)","risk anomaly ($)","merchant_automation ($)","paytmhealth_ocl ($)","fastag_non prod_ocl ($)","cst-ai ($)","hrtech_ocl ($)","devopscommon ($)","pocketurmoney ($)","tpap-oauth-dr ($)","ondc-analytics ($)","cdp-ppbl-pa ($)","poc_infra_testing_ocl ($)","telco-testing ($)","dev-projects ($)","Pandora AWS ($)","One97 IT ($)","975049937880 - Redacted ($)","ncmc-acq-rupay-switch ($)","ppblmaquettepa-prod ($)","tocom-aisensy ($)","call-centre-ivr ($)","risk-monitoring ($)","central tools ($)","769263341944 - Redacted ($)","content_ocl ($)","AWS DNS ($)","797142548187 - Redacted ($)","aws-omnicard-Prod ($)","AWS Pan 2 ($)","576218818919 - Redacted ($)","678670235450 - Redacted ($)","content_ml_ocl ($)","239937555916 - Redacted ($)","New Gold ($)","860971823470 - Redacted ($)","907058949943 - Redacted ($)","PM-EduTech-Prod ($)","pml-chat-dev ($)","edutech ($)","532041146482 - Redacted ($)","cst-playground ($)","ppblpgpa-nonprod ($)","905418240150 - Redacted ($)","pi-ml-ds ($)","Total costs ($)"
"Linked account total","10155876.48774603","6022004.185154762","3491816.317447249","3135348.505706714","2838972.0847911835","2751556.0282359733","2359377.033246566","2138473.785627832","1810158.3431882109","1731189.4746782996","1538172.9305890573","1514871.7542027677","1497903.5292961653","1352877.2981005777","1329413.2270000638","972952.7802990424","954739.9680827468","860533.390271131","843029.1911809343","835093.9083222158","821700.3933125383","750086.8910897714","731973.7109891496","678375.6137158651","673498.7445054814","573955.5545593601","535094.5987183271","474934.5969518386","457985.6339187811","400057.5954798078","399573.2579970412","376178.614102463","360643.71934635","352981.4671165787","326596.1793657039","318793.9696547249","273259.9990268164","269051.2882964427","256133.7998700017","238551.2724081837","236668.5344949667","231083.4605885718","227574.3894742742","188816.7618393405","183123.0037946893","173826.410441034","166470.4957410435","166107.5030735171","156548.0255200849","140856.7544689776","139968.2105571137","127181.5044378863","115207.8576174585","112294.7041924119","110934.2133910605","108453.2922727887","102567.1497155","97007.4821804469","95247.4749907348","90888.6327277931","82752.9564033876","80141.171527543","77660.9173020395","70709.2191255938","68906.6430948906","66480.5725960763","61920.1334516443","58869.6614445955","57351.3556958783","54490.5452660539","53753.7196197075","51607.0926347808","50530.9681611659","46476.8323881168","46183.4921845762","44576.4113295502","39689.1101824747","39600.8239163577","39379.3879343309","34478.2386192952","32014.0573549374","29326.496567317","28954.0600831798","28486.0709053597","28402.7884055916","27184.8316133419","26531.2776462463","24525.8924324533","24179.0953891508","23187.3826697174","21560.6238666338","21422.2818949969","18475.0755494758","17348.3715580223","16482.480205912","16359.7727662304","16050.6737966141","16032.4004830955","15819.2996469174","13312.2613244753","12988.7196356219","12274.9699522858","11245.3419099086","10858.7154671875","10831.7730985006","10289.6817777103","10224.4962613448","10131.2358015213","8606.0215307311","7942.4514039946","7751.2465731718","6414.076519383","5132.2631484102","4453.9880841952","4127.1804828681","3979.7944131855","3808.2420756008","3365.5556756978","3197.4862181313","3035.3667872033","2929.7834826052","2843.0027297486","2745.3293960659","2669.7950659313","2649.2132221969","2470.6455166799","2279.5486372599","2261.7860081298","2106.6818889621","1657.0177241137","1434.4106475936","945.9532261623","858.1068357665","551.7788020196","423.0071373085","275.5653576138","252.5028171397","192.7306563232","151.8732775205","90.267640445","57.3894128084","48.9135173032","37.5475155333","29.2039721883","26.5457576477","24.2479318782","11.2009166946","8.3218743295","5.5701791823","0.2135426768","0.016346478","62126524.21000313"
"2024-04-01","997267.9852960192","461008.9709366343","359008.9314074415","243527.7679064987","217651.6767689087","220816.8832716278","188939.2509962485","192247.5231778653","144063.2224205197","151894.1542872924","120649.9146062467","118130.1197655695","125204.6501685434","38640.9826495237","134107.3009836305","72747.8610938572","25585.8699279026","69742.132571588","102805.7487299981","5021.6406171543","57472.1333262001","67313.3725522597","49977.0596303584","55180.3291397518","49600.7174765221","54945.0832696895","112243.7110555265","33775.3389634733","20167.2641953588","16641.4868590156","32202.0109759306","28545.3445385432","35671.3575809006","24322.4246112776","36554.171631695","33034.8907961863","25705.9341647989","3038.7642772232","24879.9720272667","16655.5128518174","19333.6485995091","18249.6201087461","18061.6015497539","14985.9218574786","12575.1657357177","10701.7548368677","11963.4273138503","14834.5546760559","","10160.3963651036","10242.0129503509","9481.2801560927","5631.1389078755","10257.2794411013","8670.3087645597","9008.7981438685","7504.146134223","10006.6400575568","10231.6745825484","15194.2719188293","6233.8631355931","10008.3481597476","8488.9288047772","4946.5958225836","4706.4472209877","5766.5672692777","","4498.767025669","5294.7350004844","3661.2621169561","4095.6659436874","3606.3022171391","3010.010369962","2763.600396315","3571.4543754517","3444.9455971813","3499.8760242279","2623.0015320519","667.633059531","2359.7673248951","2345.362972637","2889.1996955487","842.5029372316","2282.7257128704","3315.5222802521","3174.9086491894","3208.909800371","1476.4217153926","1707.3267921808","1888.8678607535","2088.8103045594","1914.2730727611","1195.6234926352","1673.2467255698","1303.584178299","1400.2140477169","1735.7277314969","1252.4202031525","3144.6904113849","942.1644409466","1047.236982861","1686.2912476185","2339.6387817426","875.1034574893","1039.8462438408","3013.5390142601","","276.8067592944","821.3730742071","556.7163025678","1798.7093471614","607.0508729544","399.365641868","326.9604970385","323.5380030654","361.2538493052","1132.5658986484","2965.0771766267","247.2473971816","224.1860072519","220.1410493531","365.242411305","177.0787409121","123.1294741653","1616.7200768255","730.4543184837","","165.8931551858","158.302867612","151.7895764012","463.3120567679","123.3843054482","46.7334722199","551.7788020196","412.4931410071","38.8825096299","60.0683276247","45.309367038","18.5453424098","90.267640445","","28.5361065107","10.4360170293","1.5878392233","1.2018889286","1.3296172717","2.0184645702","","0.5243087565","0.2135426768","","5142761.2650032266"
"2024-05-01","855239.0940847644","440907.0438221253","336402.9975250995","230158.4210300461","225518.6533619224","220620.3182391807","182531.6853081503","170981.2416802229","129790.3595819845","166484.7451764473","133034.4023631464","115671.3513578935","108864.60186882","74515.409896536","135637.7367028735","74988.408211183","35540.8732089653","63241.6454930649","106330.4364922223","5614.8880792442","59025.1319562158","62100.379711806","52567.3007282112","56757.7552574483","48452.221243714","48321.7111172886","103393.4100442731","33727.83693268","20641.8000089649","24302.2578231683","31201.9387743845","28979.5049538878","35314.0697138693","26206.7558644434","34776.8280300079","32280.2349444054","22893.7576649762","12682.1386194786","24005.4734888087","12447.4944520297","20345.6629833306","18288.1743978952","19847.5323531986","12921.150766325","13385.816966082","11219.4610092562","11780.7126703653","15604.1573471026","","10726.2649387467","13460.6472098898","9383.0822487861","8072.5591360614","9040.7471636624","7455.7073455043","9182.5239223647","7214.6494698178","8916.3619178306","10111.0503544412","15230.3101718939","6307.2593722023","8230.5599104151","7028.3414969477","6994.2417850234","4842.6729877607","5045.6833543974","477.2536578377","5053.2984622511","4405.1465265818","4237.1619938213","4226.0581365649","4378.717605558","3251.3928923737","3951.4203519939","3560.5964097427","3365.1431156366","3408.8451114946","2623.5362148884","2091.1820478477","2479.4641857059","2425.3707718626","3009.3629408982","947.6600624476","2185.2923905484","2537.4960368102","2748.2088957405","2776.8935151109","1492.8497879437","2030.1013587956","1705.5952609311","2154.7651996306","1729.1969548181","1334.3556648135","1747.5509907415","1272.1940735815","1190.5104998429","1616.897543546","2197.0819756904","2663.9431091478","972.8077880775","1079.8999799236","1657.7116124119","2996.2700673085","847.2094738913","816.3975335217","2144.8410477405","","283.9473581823","715.961738493","580.2145186152","1112.431428438","637.7771120818","402.3577790894","336.4427751945","331.8799771828","373.1753148404","432.0333378962","283.1699174321","252.7220638848","232.7747390712","223.744589777","371.3531927339","181.4947461546","1139.8335355554","1002.5287469372","773.9635616284","","161.51440632","161.0963888193","161.1739722699","430.9143625905","123.1408204889","49.0480298877","","1.342170022","38.5577630453","61.7176734874","46.6612696538","18.4278948879","","","20.3774107925","7.1941227158","1.4619853345","1.0441282374","1.1605889405","1.614712084","","0.4225292833","","","4959532.0040033785"
"2024-06-01","812345.952650807","437854.2686754785","315076.8367413388","243127.9876791919","232783.7438252259","213339.5679595086","177639.8702970514","166244.6565396736","126616.3919569874","161287.542766674","134484.6466402867","118875.0765974777","109706.4769401257","94551.3431702175","120027.8079747319","69339.2307734833","40337.8179564242","63516.9726980282","87578.0859515738","16911.8430431589","55444.3330900436","58276.0481981386","48068.3433705819","69100.3772247522","45614.2882038824","41782.4358546485","86198.0738830127","33118.7224212821","23822.1896130488","24208.6854500338","28808.7614140607","27924.3190043303","31722.1598061315","23277.2781355771","35653.8016568024","32327.376437408","19194.8979273969","13409.2662729388","21103.7031821687","20253.541078605","20245.3066814868","18152.8160676754","20447.7774076083","13058.9968986723","13121.0143028676","11516.4021381309","12080.0686361997","15769.080186295","","11008.306752969","11572.8830089704","9959.1165756587","7915.8977363921","8425.17487177","7259.1535511684","8801.2058128096","7049.0871954034","8388.6215336146","6405.1356883386","17347.1114239165","6260.2383509239","5475.3953225754","5348.6139072157","5999.4206477355","4755.7101472217","4822.494497966","2154.3616389417","4687.5207122842","4281.4718055452","3325.6369943996","4145.2920857269","4154.9187781944","3269.4017956952","3890.9320789812","3662.1601178423","3285.9721057839","3039.0102681482","2607.792887867","3406.6978166083","2407.7225736659","2360.559456328","2838.6155363196","1202.0077844192","1960.9667725474","2363.2485092575","2052.3151116901","2623.9011000223","1471.056399467","1794.5427661061","1675.5471074706","1923.4760087552","1706.1822439949","1380.0019464407","1674.422793157","1203.6391798875","1169.6006782657","1576.785527926","2123.704996394","2544.8354908508","952.5771953699","1036.7402788801","1726.948270525","2924.5529807294","834.8123042582","792.8897758437","1045.9286169783","","277.1207713885","691.5300932475","575.7989199374","1088.9633342821","624.1625652625","399.7797638667","325.3070051181","319.8861696959","361.5318707913","421.6490829374","111.8719642449","245.828235902","248.9658736955","216.6608999285","379.9266201805","177.3280237778","1190.2508443956","9.0811210871","184.4250800652","","161.6661786735","158.5409541585","303.0771835023","312.4962588123","122.5610966317","69.6773195423","","1.6931564364","38.5081738526","59.5345578979","45.6121242668","18.5948358313","","","","3.8166620599","1.8432019583","2.2514682486","1.4784792617","2.0048072565","","0.819452162","","","4844572.7470477998"
"2024-07-01","798507.2791679344","427509.1589171558","283762.7459167632","252421.1930799515","246997.7919200728","208061.6025638854","171126.9460740615","163534.0286362672","130370.2197850527","141505.1235904206","130789.0597169048","118821.6429240921","109294.4479692278","111432.5104619612","101829.4456750413","68237.141605514","60462.1971873082","63300.2375454887","95914.0380197739","30335.9324629265","58964.8912612562","55231.8071408593","49198.0705768191","61831.6249854016","47356.470828868","42489.0131036999","83008.5558743177","35072.3284031503","26789.9909333554","26018.2030438827","29546.1367118483","28299.184852354","31420.5060595924","27568.5275643694","34962.3471360816","26443.6405741909","19694.1623052827","18227.5484557453","19498.0731139839","12328.3259117764","18890.5420126462","18209.736783515","18643.3291981666","13399.6554808851","13669.1175111381","12133.5598217139","12214.6397337012","12916.9328028425","","10746.2503023239","13856.0956975508","10906.9640989332","7847.0685072083","8819.9058136215","8296.5099665761","10090.5662158178","7357.5802019166","8615.7471256785","6596.6907668469","20885.8806281747","6497.9916616741","5993.9166279603","5469.7143416418","5753.9453107956","4943.7197544862","5021.7155700788","3519.630000775","4437.1268523852","4393.7823341307","3655.7920049182","4186.0684840907","4332.2402503151","3374.8779564995","4255.8231653726","3829.2950539601","3283.6612663207","3068.5722685493","2299.5018084286","3294.6166875132","2500.5093483977","2440.0415677871","2503.5620420481","1420.4665377358","2041.3806693182","2624.6735271446","1893.9029302535","2734.5890192757","1523.5307712269","2295.9438518185","1742.3876831445","1893.1853031439","1721.5686989171","1421.2357393472","1868.9958369205","1222.1784804772","1212.0186688779","1617.5761327846","1247.5807499836","1076.3224476052","955.2703200905","1059.7358823332","1396.5485592627","2628.524259675","838.1217171129","820.9853503812","984.5225128545","","284.3591879279","669.5287893249","605.7403099879","987.5443809922","742.2039403917","411.7061493863","336.7434212354","329.0248545429","373.5793944739","434.3586240121","1.3985866108","253.3696178488","242.0145423543","224.2997683518","392.6990993843","181.8346914614","178.8959883362","7.0122834759","190.3843121548","","163.1693581131","161.4365572225","375.2389379079","224.5500881097","122.6272738521","86.6016088572","","3.7886961","44.5616991419","60.8175138696","47.0584597988","18.6225858674","","","","9.0284404937","1.7944320344","1.3677360626","1.3999411326","3.3960440187","","0.8229354019","","","4817729.2549839467"
"2024-08-01","733887.1675269442","429427.8279348439","255443.4995330002","247277.0867294929","254190.5673775717","217899.6299071417","167560.0508829687","159948.5109491512","130147.2003049588","124475.6989065745","131728.3746862413","114838.3344117802","111816.6667466125","127037.7758389447","86146.7746197981","70584.0025975654","72794.7723656405","59839.2404088292","82543.2860066609","39963.4488640444","60363.8914043226","52635.8209619458","50358.3455980351","55803.6193030537","49929.0736573964","37233.9075638726","60525.7660084075","36792.9816119022","29518.9609128265","28716.4615851976","30245.3750194011","28648.1900711705","26823.1327328176","28124.933277519","34362.957138385","20664.3401930083","19387.9343305129","18043.044627151","17022.5686420928","19207.7987497472","17174.5816769412","18200.1519487755","17076.6838316299","13788.6891906062","13924.236155956","12464.4301954798","12364.9296066263","12570.0628133747","1168.3394179965","10817.8188728655","11083.9969646584","10746.0475711881","8822.7818766941","8225.3988058584","8482.2498192381","8538.4850112457","8144.8407499333","7921.7925241534","6234.4048392083","22231.0585849787","6465.6271919089","6247.8255658696","5523.5110026372","6125.3645707113","4993.7307298117","4733.8301493066","5711.8412485921","4174.6624712523","4339.0798889695","3975.0601488733","3954.3190878354","4202.8461198741","3427.4198770927","3438.8305714335","3972.0614780991","3258.0689545345","2926.8773210664","3071.8845587188","3178.9764333422","2518.7231668785","2448.2207279072","2259.9859939225","1683.8787882052","2016.0466508712","2434.8317142622","1675.4518164903","1862.7253042793","1617.8599991536","2258.7793559395","1570.3288331144","1891.0704271782","1730.640303671","1416.1561314117","1202.9558466465","1222.3327146641","1225.6271843854","1617.5633932238","1017.3031390276","815.1546179083","975.3874500856","988.4297101015","1268.496623023","356.3558204531","844.0371989168","818.0305293641","985.8690922941","49.2176055001","284.4426857715","653.5000877738","627.986859588","699.8780903405","1085.8760682845","411.7236177931","336.1881109333","330.4787944193","373.6718639829","435.0344273995","1.3967372222","252.2770935645","222.3970299998","224.4544119973","393.3635058758","181.7130304067","37.6852234788","4.4347967985","190.260676886","","171.0764297067","161.3203980163","310.7951987022","2.2602131337","122.4283982262","56.8965305887","","1.3658548995","45.858847308","10.3647442601","8.0894355658","18.4336269624","","","","7.0722732346","1.6748786402","1.2424719051","1.2655440884","2.1668887652","","0.8970852681","","","4684103.2498855337"
"2024-09-01","748136.6143996563","423804.4363653074","253555.6637654521","227565.6975078634","237077.4173337044","209919.6543027487","164429.6608398402","150399.0705673335","133249.8456367306","113033.2762281827","121471.3236491601","115332.8024527097","108056.7594673462","103521.8039404238","91585.9379813038","70173.7349886301","74719.407543114","60810.5397391444","51686.2162809832","65160.5951643212","60949.1148203406","51863.6023701621","50912.4701572666","47226.5407777598","51099.6145548804","39762.5849038081","62149.5228643266","33401.1358701744","33704.1364722063","28925.2541243667","30287.958469639","28447.6926686576","25669.8791229627","25375.4364619243","30582.7418990156","20612.0258161716","19696.4408904075","18130.0848748485","16949.3559165985","11141.4148243081","16728.058691891","17112.7246864334","16266.001838908","14000.5188615707","13569.9996896517","13455.3057251325","17730.4885011665","12210.0692043043","14364.1789127367","10586.5000030394","9487.9689358173","9625.4711194493","8561.9281599699","7926.866016268","8256.3101227108","7005.5291920136","8725.3242350951","7899.5992021764","6121.1271188288","","6318.9393012463","5885.5508102956","5220.6839198971","3983.4454562252","4877.4542562776","4579.2804220166","5594.1318884577","4080.3252292331","4026.3479197965","3997.9534542722","3735.7353325824","3639.7888084278","4064.1625526137","3449.5919926588","3654.9077515372","3251.1327055646","3005.4926889933","3316.182759046","2319.7247813434","2399.0280388197","2368.133083833","1789.3564985653","2151.955925695","1973.985764565","2380.8733841315","1327.3538698474","1567.4309402272","1460.7199063873","1899.8227020183","1797.685174518","1852.7759110799","1603.2789242594","1386.5947287151","1090.9583692408","1206.2371594321","1191.5185810939","1577.6086439147","986.9937374929","746.7113421284","1130.4411653867","941.1918378065","1121.2245971518","","784.0381355419","792.896822611","958.3188950401","851.6176343535","276.9241015329","591.4231561521","592.8247407874","476.6835993128","1018.2739109503","398.9122512683","324.8988692508","315.3058598859","361.3673174795","421.1299605745","1.0858701824","249.0871683735","219.8035742145","222.2264161381","381.7641362208","177.3503161094","","4.2890726351","184.444413984","","166.6909682821","158.633711087","156.4967546603","0.8776681795","122.6466682291","56.0381087951","","0.8992704921","41.6565212067","","","19.1020791944","","","","","1.8977006055","1.5276177949","1.5336429668","","","0.6352429026","","","4555497.4507247341"
"2024-10-01","769827.3103483431","439508.188331924","250892.4007652634","228037.3533294929","214939.1881494188","207028.4665507648","176418.0434070225","158195.9391235711","143956.5378102669","114519.1272183907","115922.4936754635","125100.4265184501","111570.9839920623","110662.2854280481","98176.9726386909","79929.6221444406","83387.4322217461","63372.8449820365","47942.0844933658","99850.6432274132","61607.4444185449","54625.8120637455","48583.5506155919","49170.9240656807","51877.1321058721","41978.073351939","5469.8364615133","34031.8233649831","33087.025899545","33358.0077476072","32935.3645052113","27304.8691519089","26408.0355720941","23114.3288719437","22363.1699332274","22166.2202123865","21150.1191340358","19240.4710812768","21441.2272005812","15368.9568932097","17370.9015108661","17226.3947634957","16394.152114663","14239.4536489807","14426.7694835478","13692.8262922213","14926.4500365501","12539.9228882303","15190.7928442856","10354.0293713783","9346.1722381357","9999.459543998","8683.7627658051","8402.266556072","8785.525858683","7744.9577593353","7851.3318995471","6767.5041705719","6555.9926860612","","6321.5234856042","5664.7354486042","5467.48310975","3614.3952854368","5128.497909945","4930.7435249038","5390.8059855167","4331.4191955263","4129.2530651477","4110.0591374584","6364.2146684851","3597.8918380343","4364.1811524878","3576.2161539457","5583.9944919235","3406.3494279657","3048.8217217334","3482.901606012","2362.7049351767","2671.3511222054","2546.9714855259","1871.4749841296","2744.2450223163","2059.895264518","2387.5424141873","966.5856637365","1683.4954175064","1485.7687306545","1631.2181570411","1747.8981378309","1912.9275325571","1625.2721434865","1431.5359395679","1179.0241599596","1267.7570055172","1271.4578914481","1618.6754085811","1040.0644330387","750.861743472","1248.3502959035","955.7833651396","1145.4404096686","","786.1001402719","818.3305032848","988.8310825351","2765.9498018091","284.7731009429","600.4832905975","620.386967954","466.9197265342","1099.0055751891","412.3836075077","336.3503544137","312.8170784749","373.9545728048","452.7990927209","1.5554233787","257.8764900419","230.0791596828","225.6823391802","398.1885279419","182.4831696001","","5.1471244376","191.0778294669","","174.9252890939","162.1383908179","145.8965394033","","123.3375068944","66.2568229016","","1.4248483514","24.3554502881","","","19.8894663318","","","","","2.4830433408","2.1255498403","2.0922624539","","","1.12980262","","","4639676.4222422588"
"2024-11-01","725478.2896962495","441758.0564111704","246551.2622291894","226868.0583982538","180852.0110391955","200520.2553931786","173964.6950598173","156479.1253548429","136738.2753728635","114025.4474153808","105377.0551394052","116035.2519705054","105425.9785274898","111920.9098310819","96123.0720028766","78547.6288641502","80819.3897858001","57681.7807725806","47758.7465876222","124317.9399846143","62050.5608404734","53747.3012872296","51578.1783555281","44363.0192411037","48899.3974350698","38334.8063216429","3632.1038729123","35364.6882226301","31780.9394835164","31979.978272591","32074.2079616354","27235.5578208563","24663.8704243605","22146.4372898671","15552.0232159253","23190.9805658657","21075.3924978181","20070.3833584913","21659.697345117","12964.2894457027","16250.5209629845","17025.6684502802","15925.0319638291","14701.7973719013","14086.8378915462","13055.0054084997","12275.3376255109","12321.0125149005","14537.5439877056","10451.6713367767","9897.8068741367","9926.8997766404","8509.4132088547","7845.3596423443","8352.6117540016","7820.0003643135","7288.5171089681","6394.0527971186","6402.3917110301","","6197.6122789561","5286.6105120274","5365.9453564521","3770.991484066","5458.3264078126","4837.2772174992","5369.6681356066","4347.9718536103","4165.3317277467","3935.81505362","3740.5215470616","3561.9951787994","3968.4751013739","3486.0889239959","3268.1129666611","3300.2347877802","2777.1970727113","3199.0721264258","2304.1098734678","2638.6695540112","2429.5063584255","1854.9761796044","2721.9037010855","2171.4882296338","2314.5108957793","806.3441199249","1796.8708564597","1415.2336153814","1545.0882529687","1785.5434292074","1839.7312964867","1574.3732281828","1413.2267275884","1180.9742588655","1246.6453691792","1236.7387919885","1577.9295226114","1002.8204451114","737.2189792839","1127.5742280134","938.4627164652","1088.7874331114","","1032.7243848696","794.2369696781","167.8315160076","1462.5417667965","276.4890216377","587.9305037043","603.7974497279","464.0721223362","599.7264742687","398.7161853402","324.5639880084","303.2213923928","361.254241934","78.6716514118","","248.5094739325","242.075912699","218.6193312942","160.4652361064","177.2978033064","","","25.6353240109","","170.7412886375","158.6092364021","52.5495612666","","85.8271563917","44.7995857339","","","3.1843931413","","","18.815336208","","","","","1.8458719671","2.3129054749","1.4932854808","","","0.3188227879","","","4486529.377833946"
"2024-12-01","769413.0977013519","471834.652175966","258048.0076130104","241134.9090953019","201216.5087378953","206466.6256982015","190871.6763269416","160060.2514741668","137867.9371629755","125344.3515808826","105538.3000477129","117766.5886593073","112289.5122876788","108092.4932859684","91046.6396580691","78682.3558454098","84203.8604155829","63135.4830308483","46792.794274645","159298.1558343553","64058.5256909405","55140.8090745553","61358.7752690549","45385.5618228374","50514.1744451116","40582.0631639829","2418.1138316042","37476.5473765517","39483.2003411024","33228.1194691996","32776.1579083177","28560.7387451311","24895.5386299723","27711.5355098575","16462.2387136522","22797.8949504298","23456.2833826564","29003.7886746097","19906.3163038369","13281.0259124294","17078.6713054334","17152.2529853846","16298.1377109512","15549.2984146135","15283.0837302877","15899.5168465631","12704.955341812","12580.474457362","15896.6113530043","10210.405244368","9108.2400898924","9543.227849648","9127.489446355","8028.8952319442","9109.4325654884","8075.7137866811","7906.5237781447","6879.7343665773","7240.3678457297","","6304.8174573957","5295.6849704666","5829.7800851245","3902.0192976329","5456.8468258024","4946.973205656","5937.022403149","4802.1210547562","4259.0985428402","4362.7592543795","3762.9919293385","3998.3008124782","3743.9454375297","3585.9709753857","3196.0879460927","3412.5180850246","2882.382729364","3238.4564094932","2379.9557642484","2751.1052809384","2516.4726394639","2009.1492040057","2770.4899618337","2479.7942395039","2046.4603143764","835.8087415378","1923.615953661","1461.6398475323","1593.2037709273","2335.5795645922","1888.8638809956","1603.2917693746","1455.8877312271","1214.6156184785","1269.9023309937","1277.0266628623","769.92877163","1024.7529475737","700.559986617","1343.3135536215","959.1637281575","861.9250268671","","962.2438021483","813.6809751162","","1312.2009819687","277.2316381048","610.3844359374","628.9176263814","317.6719299419","","412.5318162659","335.4421035479","312.3576101711","373.3256821411","","","256.4110647353","242.8936870826","230.1786631945","","182.7807398732","","","","","176.7369026822","162.4343198193","","","","59.9707664198","","","","","","1.4421098275","","","","","2.7472836348","3.2061128761","2.4018020279","","","","","","4747342.1192391725"
"2025-01-01","772260.5734458129","467389.34907327","252279.4242703873","241380.1777388137","200766.8947010953","214291.4578837724","180835.4968254136","163121.5418687192","142379.3561642991","123462.0935723332","108220.9773836907","118132.220002636","113430.0691225056","113118.8796872223","91312.5130489106","76072.2225538918","86531.1717352425","61867.6481482291","42881.183955252","207932.1228063145","67420.8388127094","57061.9716600801","65818.3530988913","46350.6863222808","55299.0453751131","44654.9994072243","2501.5188121503","38965.5716569458","42814.4091530314","31119.3540420637","32149.6542281878","29135.2029208907","23784.9029683181","29382.1700666165","16261.1076671824","20360.7096787586","22828.4483322509","28111.3635695245","17632.8889823609","25560.1723169576","17349.3669313051","17201.812228708","16654.6291370985","14820.1571975143","15517.757853054","15626.9029630353","12204.4214056181","11672.031869464","22692.6802665248","10712.7693492226","9353.1994655744","9731.2978946087","8875.0178259182","8341.3550521835","9185.6620502075","8314.1639308676","8070.941332353","6548.902430658","7290.9479720016","","6303.5951837971","4801.8081415864","6027.8476231502","4446.4841901647","5517.7456284586","4964.4061770829","6179.5653846232","4838.9335279456","4334.0668998388","5504.0936570786","3731.2462513059","4221.4906155469","3862.557360883","3572.8128635106","3220.550227656","3530.982948899","2904.077621439","3243.2616968488","2409.8280262088","2815.8776361095","2528.6373723423","2043.666175831","2766.2806401856","2473.8718354049","1525.1951365599","1308.9247254987","1776.6271024229","1735.3426998767","1605.9142926376","1937.8170078396","1840.9941096944","1560.5424426862","1452.1841297943","1150.8962484893","1277.3203004983","1279.835030044","725.9910833416","1024.7704743595","663.5998763284","1346.7248310379","959.2909353502","81.1098954728","","905.0235811254","815.1297943376","","1133.7140246067","277.2192503944","618.2379472847","677.5805152051","85.8724659452","","366.2394481165","335.4937952629","308.0108480634","373.3058319998","","","259.6947500498","222.6256328052","228.0601320117","","182.7697277779","","","","","178.3974749256","162.4155284704","","","","115.5149851289","","","","","","","","0.2342293573","","","2.7375598238","2.3930923092","2.3814809006","","","","","","4831792.580318999"
"2025-02-01","672707.9313205554","446409.9196701963","232107.6727564317","225845.3352582618","201473.635607791","198816.0839075983","174512.0411925411","159340.8120548282","135923.2240176493","118954.8879132433","103614.8452414118","112543.1633629584","114016.6941115912","110282.8674865416","86657.8463258589","71688.9119562465","85618.0096768049","63994.2315123865","41407.7541786457","24918.2420492094","66906.3301026591","55485.6193565552","65452.7879761802","43813.3654376725","50514.6683616893","46264.3533343568","2214.228095609","37221.2719570176","44999.4172681346","27645.5043497556","29734.7688400467","28785.2287183633","21552.9937316912","27896.8868986012","15425.4918129071","20128.836594371","19796.8402047112","26998.687931746","16727.9046849738","29309.4021918607","16840.0009048065","16659.8135415782","15980.2027527175","14491.3246418159","14008.8537751005","13275.4331150918","12119.1863457899","10509.8488332509","21405.572633453","11000.4259653589","10082.2539235319","9628.0428252475","10145.8383870771","8734.566467985","8490.5492689235","7810.7787993886","7807.7737120109","5971.9617416466","6802.8578442996","","6010.1733011946","5332.6740984001","5650.6393468821","5268.0205222703","5255.4028972196","4824.5697712165","6159.0978292118","4514.5094397724","4163.9887509433","4635.1647234323","3617.1608166236","3555.3853666349","4167.2803455873","3252.0511337504","2717.5218613","3506.1161799609","2809.5464266269","3153.7817071133","2239.8258817034","2755.9260745752","2293.2481266719","1853.4368793765","2889.239990192","2001.7925602381","1320.153215663","2125.541672217","1390.0612093383","1939.7792800525","1587.0468418028","1631.1328299904","1590.5215377903","1422.3921885391","1334.3440321328","1098.3177954016","1225.6097638239","1168.4213752967","658.0575155744","929.7092998152","614.5312478655","996.6894503681","915.8476287801","79.1614457656","","735.8703408071","749.7471621313","","951.2798040275","332.0910701248","620.1280380469","637.2991478751","85.0638061032","","333.906285462","337.4472812521","282.9333250389","293.3744734326","","","255.706725187","200.9114141013","207.7833561635","","234.6995657435","","","","","175.6474836551","153.4095201299","","","","57.3584625502","","","","","","","","54.9967359716","","","2.5349809436","2.1760687132","2.1661176202","","0.1493806501","","","","4400834.5358355726"
"2025-03-01","711660.4524646926","528683.2170456117","221912.3537589666","248988.6592134304","213834.794606791","212593.1804981737","187619.0091399747","161977.9392038507","151484.7790320701","126782.4188884543","108584.1111665294","106598.3921687237","124468.887879392","120574.8061663487","88459.4558245596","76655.8168345175","115252.5434228481","80043.0474504665","44102.3858233155","28280.3011235472","69746.9211515626","59178.4012353885","69364.819612856","49111.5364304513","57077.9347069099","46238.7242598529","1710.9667337893","40381.0255412892","50428.5969352744","39808.0013805733","30050.8648034089","30672.5539966138","23382.2691944817","31450.2429870518","16451.7897967718","20790.0845923456","17715.0143534788","29554.2340726639","17096.1747936553","32440.0040117269","18411.0890838171","17511.1589710337","17443.075779151","14922.9928611626","15172.6886518877","14290.0912612023","12197.8711076375","11071.3325288714","24046.092325341","11228.8327757134","9329.7287133463","10057.2775193342","11339.4282395483","8752.4704164686","9289.7175883221","8009.0072857532","8207.7650559426","6271.5229506475","7665.3202664905","","6297.5870135042","5080.0563489564","5761.8326175055","7008.914976851","5789.9982026711","5554.7538492394","8691.7508787605","4460.3736721834","4453.3747655761","4678.7087582851","3793.9448599436","4197.2059545479","4649.301757571","3601.2242603638","2915.6591073366","3600.6837410488","3050.9854913466","3216.6076312081","5461.8183246011","2889.8053072918","2493.5256491201","2096.8734179533","3158.5191977077","2261.6218264078","1472.0411033276","4056.4658453997","1397.44318779","5981.0378862188","1969.8238229611","1614.7966619884","341.4926971845","1515.8281054143","1564.1338977441","1168.9701326858","1299.2885251733","1282.0852097006","709.7686551657","1025.5764469218","654.0301879065","608.9224060183","985.1179799944","80.7123627673","","678.468613932","822.2725526551","","805.7249317273","927.3128888804","677.8256686493","604.7153211119","86.0490751104","","370.068666093","376.5651928632","308.2119033637","","","","235.8908651281","223.9391348232","228.3163196339","","389.2187680374","","","","762.8246886959","185.0143625551","162.528962739","","","","84.9046228842","","","","","","","","1.1115196693","","","2.8466190966","2.5480943368","2.5109770713","","3.7054843129","","","","4767259.413641794"
"2025-04-01","677109.3082805063","523043.4118604283","197523.6530154175","238190.5233745251","184705.0406628363","191085.3271178968","192529.3637805838","152555.6543599568","144489.7082980793","128191.1136869436","102221.8520787473","100550.9378972573","124058.1866789455","111762.8840994198","92795.2928580442","73933.8115916755","93402.5309708347","75057.4935109616","40815.3162739336","23972.7663480552","66676.2788526882","57802.1715012384","58956.3612197875","46760.2268431911","57524.332153541","44893.0103185934","5168.1878369653","39265.6831771852","51910.4018399727","46280.0312899361","23917.0696343509","29640.1259523006","25633.5962964765","31921.7892271586","14824.5561457268","20620.943938113","17778.1323327349","28036.0225461531","15876.5898070046","15658.8503193491","17964.2697004638","17279.6108799458","16058.2301567051","14904.4202976213","12415.7414842492","14147.4994111031","10369.9019292896","9927.5431064904","23419.8247158911","10755.6059835361","11498.0554873254","7436.0748720484","10076.7991990415","8185.9106151079","8140.0475767849","6952.7380894983","8158.8086303802","5521.1956180779","6587.7075885744","","6219.965403839","5951.1458336258","5552.5566849202","7711.9439370538","6032.1779535835","5539.5306543547","6121.7843968836","3977.8014815414","4436.2979331267","3944.4115551939","3784.4960490731","3601.3256047206","4624.9093022637","3166.4303167729","2665.2323614388","3481.7924253121","2906.4377460661","3032.2169398692","6844.7838091658","2834.3022226353","2426.5214331086","2003.6232689155","3140.9246939605","2241.3600873992","1440.9612472067","3673.0219848828","1558.9010687038","1277.8902354838","1981.2849987907","1512.5879483581","293.3222398313","1479.3412000577","1458.6866025459","966.4752356718","1261.1908841844","1246.4269019004","241.2842427979","993.7606989316","606.8689552429","606.2119031471","962.3323109029","72.0318862093","","630.8320143084","802.3941735352","","766.7668996267","5143.2794660043","649.3822772968","546.1603702564","70.6625530585","","355.7792609845","362.9513483367","299.8899143026","","","","156.568491437","237.2178238105","222.8402518002","","279.701400587","","","","1298.8957520814","181.2257548193","159.6431251713","","","","52.1333775985","","","","","","","","1.0469278102","","","2.8358709191","2.6157456729","2.5987461969","","4.1086838455","","","","4523042.6061887829"
"2025-05-01","112035.4313623921","82865.6839346504","29250.8681494871","40825.3353655898","26964.1606987542","30096.9749422941","30399.2431159507","23387.4906373829","23081.2856437734","21229.4934470796","16535.5741941104","16475.4461134068","19699.6135358246","16762.3461583399","15506.4307056748","11372.0312384774","16084.0916645327","14930.0924074785","4471.1141129423","3515.3887178572","11013.9975845813","9623.7739758073","9779.2947799874","7520.0468644802","9739.6739569114","6474.7885887608","4460.6033439193","6339.6414525736","8837.3008624435","7826.2500424166","3642.9887506183","4000.1007074549","3701.4075126815","4482.7203503715","2362.9545883234","3375.7903610842","2886.6415057552","4505.489934592","2333.8543815527","1934.4834486638","2685.9134494853","2813.524775105","2478.0036798935","3032.384350193","1965.9205636031","2348.2214167364","1538.1054869261","1580.4798449726","3826.3890631463","2097.4772075755","1649.1489979333","757.262386253","1598.7342206573","1308.5080980248","1160.4271588921","1098.8239588312","1279.8602117642","903.8457441388","1001.8057263355","","1013.7632655481","886.8597770125","925.0390051382","1183.4358390437","1147.9121728522","912.7469330807","613.2200032887","664.830466185","669.3805351507","466.6664133654","616.0044273884","558.6834845101","753.0522592327","485.8392036368","365.8580355344","448.8099885373","360.9876907077","492.6260383866","417.5304935731","455.9867831656","391.4857099243","303.2137501986","513.9848401641","335.8489015334","239.2786266333","539.9975869333","229.8131710778","186.7615576822","278.9984251627","241.6151699783","48.6874177467","236.1006188341","231.1087855119","130.9675461941","204.6002402006","208.2912428071","6.87962402","165.8609356026","99.9712511758","105.8262964087","159.4862989261","8.5805824308","","104.1303025144","134.9347121998","","125.4828109287","929.2385013345","98.3324300158","84.3123539991","10.7247136152","","58.7926753686","58.6333417397","49.6247522685","","","","26.2967808645","45.4822556115","36.7759537812","","39.5786723184","","","","217.8281964826","29.0869554799","26.1719284966","","","","12.1731426585","","","","","","","","","","","0.9127046663","0.5328772471","0.4354464649","","0.358325521","","","0.016346478","725851.183053984"